ErrorCauses,Vendor,Model,MAC Address,Template,Provisioning Method,RPS PIN,Authentication First-time,Hot Desking Phone,Assign Extension
Vendor: This field is required and cannot be empty. Model: This field is required and cannot be empty. MAC Address: This field is required and cannot be empty. Template: This field is required and cannot be empty.,,,,,,,,,
Vendor: This field is required and cannot be empty. Model: This field is required and cannot be empty. MAC Address: This field is required and cannot be empty. Template: This field is required and cannot be empty.,,,,,,,,,
Vendor: This field is required and cannot be empty. Model: This field is required and cannot be empty. MAC Address: This field is required and cannot be empty. Template: This field is required and cannot be empty.,,,,,,,,,
Vendor: This field is required and cannot be empty. Model: This field is required and cannot be empty. MAC Address: This field is required and cannot be empty. Template: This field is required and cannot be empty.,,,,,,,,,
Vendor: This field is required and cannot be empty. Model: This field is required and cannot be empty. MAC Address: This field is required and cannot be empty. Template: This field is required and cannot be empty.,,,,,,,,,
Vendor: This field is required and cannot be empty. Model: This field is required and cannot be empty. MAC Address: This field is required and cannot be empty. Template: This field is required and cannot be empty.,,,,,,,,,
Vendor: This field is required and cannot be empty. Model: This field is required and cannot be empty. MAC Address: This field is required and cannot be empty. Template: This field is required and cannot be empty.,,,,,,,,,
Vendor: This field is required and cannot be empty. Model: This field is required and cannot be empty. MAC Address: This field is required and cannot be empty. Template: This field is required and cannot be empty.,,,,,,,,,
Vendor: This field is required and cannot be empty. Model: This field is required and cannot be empty. MAC Address: This field is required and cannot be empty. Template: This field is required and cannot be empty.,,,,,,,,,
Vendor: This field is required and cannot be empty. Model: This field is required and cannot be empty. MAC Address: This field is required and cannot be empty. Template: This field is required and cannot be empty.,,,,,,,,,
Vendor: This field is required and cannot be empty. Model: This field is required and cannot be empty. MAC Address: This field is required and cannot be empty. Template: This field is required and cannot be empty.,,,,,,,,,
Vendor: This field is required and cannot be empty. Model: This field is required and cannot be empty. MAC Address: This field is required and cannot be empty. Template: This field is required and cannot be empty.,,,,,,,,,
Vendor: This field is required and cannot be empty. Model: This field is required and cannot be empty. MAC Address: This field is required and cannot be empty. Template: This field is required and cannot be empty.,,,,,,,,,
Vendor: This field is required and cannot be empty. Model: This field is required and cannot be empty. MAC Address: This field is required and cannot be empty. Template: This field is required and cannot be empty.,,,,,,,,,
Vendor: This field is required and cannot be empty. Model: This field is required and cannot be empty. MAC Address: This field is required and cannot be empty. Template: This field is required and cannot be empty.,,,,,,,,,
Vendor: This field is required and cannot be empty. Model: This field is required and cannot be empty. MAC Address: This field is required and cannot be empty. Template: This field is required and cannot be empty.,,,,,,,,,
Vendor: This field is required and cannot be empty. Model: This field is required and cannot be empty. MAC Address: This field is required and cannot be empty. Template: This field is required and cannot be empty.,,,,,,,,,
Vendor: This field is required and cannot be empty. Model: This field is required and cannot be empty. MAC Address: This field is required and cannot be empty. Template: This field is required and cannot be empty.,,,,,,,,,
Vendor: This field is required and cannot be empty. Model: This field is required and cannot be empty. MAC Address: This field is required and cannot be empty. Template: This field is required and cannot be empty.,,,,,,,,,
Vendor: This field is required and cannot be empty. Model: This field is required and cannot be empty. MAC Address: This field is required and cannot be empty. Template: This field is required and cannot be empty.,,,,,,,,,
Vendor: This field is required and cannot be empty. Model: This field is required and cannot be empty. MAC Address: This field is required and cannot be empty. Template: This field is required and cannot be empty.,,,,,,,,,
Vendor: This field is required and cannot be empty. Model: This field is required and cannot be empty. MAC Address: This field is required and cannot be empty. Template: This field is required and cannot be empty.,,,,,,,,,
Vendor: This field is required and cannot be empty. Model: This field is required and cannot be empty. MAC Address: This field is required and cannot be empty. Template: This field is required and cannot be empty.,,,,,,,,,
Vendor: This field is required and cannot be empty. Model: This field is required and cannot be empty. MAC Address: This field is required and cannot be empty. Template: This field is required and cannot be empty.,,,,,,,,,
Vendor: This field is required and cannot be empty. Model: This field is required and cannot be empty. MAC Address: This field is required and cannot be empty. Template: This field is required and cannot be empty.,,,,,,,,,
Vendor: This field is required and cannot be empty. Model: This field is required and cannot be empty. MAC Address: This field is required and cannot be empty. Template: This field is required and cannot be empty.,,,,,,,,,
Vendor: This field is required and cannot be empty. Model: This field is required and cannot be empty. MAC Address: This field is required and cannot be empty. Template: This field is required and cannot be empty.,,,,,,,,,
Vendor: This field is required and cannot be empty. Model: This field is required and cannot be empty. MAC Address: This field is required and cannot be empty. Template: This field is required and cannot be empty.,,,,,,,,,
Vendor: This field is required and cannot be empty. Model: This field is required and cannot be empty. MAC Address: This field is required and cannot be empty. Template: This field is required and cannot be empty.,,,,,,,,,
Vendor: This field is required and cannot be empty. Model: This field is required and cannot be empty. MAC Address: This field is required and cannot be empty. Template: This field is required and cannot be empty.,,,,,,,,,
Vendor: This field is required and cannot be empty. Model: This field is required and cannot be empty. MAC Address: This field is required and cannot be empty. Template: This field is required and cannot be empty.,,,,,,,,,
Vendor: This field is required and cannot be empty. Model: This field is required and cannot be empty. MAC Address: This field is required and cannot be empty. Template: This field is required and cannot be empty.,,,,,,,,,
Vendor: This field is required and cannot be empty. Model: This field is required and cannot be empty. MAC Address: This field is required and cannot be empty. Template: This field is required and cannot be empty.,,,,,,,,,
Vendor: This field is required and cannot be empty. Model: This field is required and cannot be empty. MAC Address: This field is required and cannot be empty. Template: This field is required and cannot be empty.,,,,,,,,,
Vendor: This field is required and cannot be empty. Model: This field is required and cannot be empty. MAC Address: This field is required and cannot be empty. Template: This field is required and cannot be empty.,,,,,,,,,
Vendor: This field is required and cannot be empty. Model: This field is required and cannot be empty. MAC Address: This field is required and cannot be empty. Template: This field is required and cannot be empty.,,,,,,,,,
Vendor: This field is required and cannot be empty. Model: This field is required and cannot be empty. MAC Address: This field is required and cannot be empty. Template: This field is required and cannot be empty.,,,,,,,,,
Vendor: This field is required and cannot be empty. Model: This field is required and cannot be empty. MAC Address: This field is required and cannot be empty. Template: This field is required and cannot be empty.,,,,,,,,,
Vendor: This field is required and cannot be empty. Model: This field is required and cannot be empty. MAC Address: This field is required and cannot be empty. Template: This field is required and cannot be empty.,,,,,,,,,
Vendor: This field is required and cannot be empty. Model: This field is required and cannot be empty. MAC Address: This field is required and cannot be empty. Template: This field is required and cannot be empty.,,,,,,,,,
Vendor: This field is required and cannot be empty. Model: This field is required and cannot be empty. MAC Address: This field is required and cannot be empty. Template: This field is required and cannot be empty.,,,,,,,,,
Vendor: This field is required and cannot be empty. Model: This field is required and cannot be empty. MAC Address: This field is required and cannot be empty. Template: This field is required and cannot be empty.,,,,,,,,,
Vendor: This field is required and cannot be empty. Model: This field is required and cannot be empty. MAC Address: This field is required and cannot be empty. Template: This field is required and cannot be empty.,,,,,,,,,
Vendor: This field is required and cannot be empty. Model: This field is required and cannot be empty. MAC Address: This field is required and cannot be empty. Template: This field is required and cannot be empty.,,,,,,,,,
Vendor: This field is required and cannot be empty. Model: This field is required and cannot be empty. MAC Address: This field is required and cannot be empty. Template: This field is required and cannot be empty.,,,,,,,,,
Vendor: This field is required and cannot be empty. Model: This field is required and cannot be empty. MAC Address: This field is required and cannot be empty. Template: This field is required and cannot be empty.,,,,,,,,,
Vendor: This field is required and cannot be empty. Model: This field is required and cannot be empty. MAC Address: This field is required and cannot be empty. Template: This field is required and cannot be empty.,,,,,,,,,
Vendor: This field is required and cannot be empty. Model: This field is required and cannot be empty. MAC Address: This field is required and cannot be empty. Template: This field is required and cannot be empty.,,,,,,,,,
Vendor: This field is required and cannot be empty. Model: This field is required and cannot be empty. MAC Address: This field is required and cannot be empty. Template: This field is required and cannot be empty.,,,,,,,,,
Vendor: This field is required and cannot be empty. Model: This field is required and cannot be empty. MAC Address: This field is required and cannot be empty. Template: This field is required and cannot be empty.,,,,,,,,,
Vendor: This field is required and cannot be empty. Model: This field is required and cannot be empty. MAC Address: This field is required and cannot be empty. Template: This field is required and cannot be empty.,,,,,,,,,
Vendor: This field is required and cannot be empty. Model: This field is required and cannot be empty. MAC Address: This field is required and cannot be empty. Template: This field is required and cannot be empty.,,,,,,,,,
Vendor: This field is required and cannot be empty. Model: This field is required and cannot be empty. MAC Address: This field is required and cannot be empty. Template: This field is required and cannot be empty.,,,,,,,,,
Vendor: This field is required and cannot be empty. Model: This field is required and cannot be empty. MAC Address: This field is required and cannot be empty. Template: This field is required and cannot be empty.,,,,,,,,,
Vendor: This field is required and cannot be empty. Model: This field is required and cannot be empty. MAC Address: This field is required and cannot be empty. Template: This field is required and cannot be empty.,,,,,,,,,
Vendor: This field is required and cannot be empty. Model: This field is required and cannot be empty. MAC Address: This field is required and cannot be empty. Template: This field is required and cannot be empty.,,,,,,,,,
Vendor: This field is required and cannot be empty. Model: This field is required and cannot be empty. MAC Address: This field is required and cannot be empty. Template: This field is required and cannot be empty.,,,,,,,,,
Vendor: This field is required and cannot be empty. Model: This field is required and cannot be empty. MAC Address: This field is required and cannot be empty. Template: This field is required and cannot be empty.,,,,,,,,,
Vendor: This field is required and cannot be empty. Model: This field is required and cannot be empty. MAC Address: This field is required and cannot be empty. Template: This field is required and cannot be empty.,,,,,,,,,
Vendor: This field is required and cannot be empty. Model: This field is required and cannot be empty. MAC Address: This field is required and cannot be empty. Template: This field is required and cannot be empty.,,,,,,,,,
Vendor: This field is required and cannot be empty. Model: This field is required and cannot be empty. MAC Address: This field is required and cannot be empty. Template: This field is required and cannot be empty.,,,,,,,,,
Vendor: This field is required and cannot be empty. Model: This field is required and cannot be empty. MAC Address: This field is required and cannot be empty. Template: This field is required and cannot be empty.,,,,,,,,,
Vendor: This field is required and cannot be empty. Model: This field is required and cannot be empty. MAC Address: This field is required and cannot be empty. Template: This field is required and cannot be empty.,,,,,,,,,
Vendor: This field is required and cannot be empty. Model: This field is required and cannot be empty. MAC Address: This field is required and cannot be empty. Template: This field is required and cannot be empty.,,,,,,,,,
Vendor: This field is required and cannot be empty. Model: This field is required and cannot be empty. MAC Address: This field is required and cannot be empty. Template: This field is required and cannot be empty.,,,,,,,,,
Vendor: This field is required and cannot be empty. Model: This field is required and cannot be empty. MAC Address: This field is required and cannot be empty. Template: This field is required and cannot be empty.,,,,,,,,,
Vendor: This field is required and cannot be empty. Model: This field is required and cannot be empty. MAC Address: This field is required and cannot be empty. Template: This field is required and cannot be empty.,,,,,,,,,
Vendor: This field is required and cannot be empty. Model: This field is required and cannot be empty. MAC Address: This field is required and cannot be empty. Template: This field is required and cannot be empty.,,,,,,,,,
Vendor: This field is required and cannot be empty. Model: This field is required and cannot be empty. MAC Address: This field is required and cannot be empty. Template: This field is required and cannot be empty.,,,,,,,,,
Vendor: This field is required and cannot be empty. Model: This field is required and cannot be empty. MAC Address: This field is required and cannot be empty. Template: This field is required and cannot be empty.,,,,,,,,,
Vendor: This field is required and cannot be empty. Model: This field is required and cannot be empty. MAC Address: This field is required and cannot be empty. Template: This field is required and cannot be empty.,,,,,,,,,
Vendor: This field is required and cannot be empty. Model: This field is required and cannot be empty. MAC Address: This field is required and cannot be empty. Template: This field is required and cannot be empty.,,,,,,,,,
Vendor: This field is required and cannot be empty. Model: This field is required and cannot be empty. MAC Address: This field is required and cannot be empty. Template: This field is required and cannot be empty.,,,,,,,,,
Vendor: This field is required and cannot be empty. Model: This field is required and cannot be empty. MAC Address: This field is required and cannot be empty. Template: This field is required and cannot be empty.,,,,,,,,,
Vendor: This field is required and cannot be empty. Model: This field is required and cannot be empty. MAC Address: This field is required and cannot be empty. Template: This field is required and cannot be empty.,,,,,,,,,
Vendor: This field is required and cannot be empty. Model: This field is required and cannot be empty. MAC Address: This field is required and cannot be empty. Template: This field is required and cannot be empty.,,,,,,,,,
Vendor: This field is required and cannot be empty. Model: This field is required and cannot be empty. MAC Address: This field is required and cannot be empty. Template: This field is required and cannot be empty.,,,,,,,,,
Vendor: This field is required and cannot be empty. Model: This field is required and cannot be empty. MAC Address: This field is required and cannot be empty. Template: This field is required and cannot be empty.,,,,,,,,,
Vendor: This field is required and cannot be empty. Model: This field is required and cannot be empty. MAC Address: This field is required and cannot be empty. Template: This field is required and cannot be empty.,,,,,,,,,
Vendor: This field is required and cannot be empty. Model: This field is required and cannot be empty. MAC Address: This field is required and cannot be empty. Template: This field is required and cannot be empty.,,,,,,,,,
Vendor: This field is required and cannot be empty. Model: This field is required and cannot be empty. MAC Address: This field is required and cannot be empty. Template: This field is required and cannot be empty.,,,,,,,,,
Vendor: This field is required and cannot be empty. Model: This field is required and cannot be empty. MAC Address: This field is required and cannot be empty. Template: This field is required and cannot be empty.,,,,,,,,,
Vendor: This field is required and cannot be empty. Model: This field is required and cannot be empty. MAC Address: This field is required and cannot be empty. Template: This field is required and cannot be empty.,,,,,,,,,
Vendor: This field is required and cannot be empty. Model: This field is required and cannot be empty. MAC Address: This field is required and cannot be empty. Template: This field is required and cannot be empty.,,,,,,,,,
Vendor: This field is required and cannot be empty. Model: This field is required and cannot be empty. MAC Address: This field is required and cannot be empty. Template: This field is required and cannot be empty.,,,,,,,,,
Vendor: This field is required and cannot be empty. Model: This field is required and cannot be empty. MAC Address: This field is required and cannot be empty. Template: This field is required and cannot be empty.,,,,,,,,,
Vendor: This field is required and cannot be empty. Model: This field is required and cannot be empty. MAC Address: This field is required and cannot be empty. Template: This field is required and cannot be empty.,,,,,,,,,
Vendor: This field is required and cannot be empty. Model: This field is required and cannot be empty. MAC Address: This field is required and cannot be empty. Template: This field is required and cannot be empty.,,,,,,,,,
Vendor: This field is required and cannot be empty. Model: This field is required and cannot be empty. MAC Address: This field is required and cannot be empty. Template: This field is required and cannot be empty.,,,,,,,,,
Vendor: This field is required and cannot be empty. Model: This field is required and cannot be empty. MAC Address: This field is required and cannot be empty. Template: This field is required and cannot be empty.,,,,,,,,,
Vendor: This field is required and cannot be empty. Model: This field is required and cannot be empty. MAC Address: This field is required and cannot be empty. Template: This field is required and cannot be empty.,,,,,,,,,
Vendor: This field is required and cannot be empty. Model: This field is required and cannot be empty. MAC Address: This field is required and cannot be empty. Template: This field is required and cannot be empty.,,,,,,,,,
Vendor: This field is required and cannot be empty. Model: This field is required and cannot be empty. MAC Address: This field is required and cannot be empty. Template: This field is required and cannot be empty.,,,,,,,,,
Vendor: This field is required and cannot be empty. Model: This field is required and cannot be empty. MAC Address: This field is required and cannot be empty. Template: This field is required and cannot be empty.,,,,,,,,,
Vendor: This field is required and cannot be empty. Model: This field is required and cannot be empty. MAC Address: This field is required and cannot be empty. Template: This field is required and cannot be empty.,,,,,,,,,
Vendor: This field is required and cannot be empty. Model: This field is required and cannot be empty. MAC Address: This field is required and cannot be empty. Template: This field is required and cannot be empty.,,,,,,,,,
Vendor: This field is required and cannot be empty. Model: This field is required and cannot be empty. MAC Address: This field is required and cannot be empty. Template: This field is required and cannot be empty.,,,,,,,,,
Vendor: This field is required and cannot be empty. Model: This field is required and cannot be empty. MAC Address: This field is required and cannot be empty. Template: This field is required and cannot be empty.,,,,,,,,,
Vendor: This field is required and cannot be empty. Model: This field is required and cannot be empty. MAC Address: This field is required and cannot be empty. Template: This field is required and cannot be empty.,,,,,,,,,
Vendor: This field is required and cannot be empty. Model: This field is required and cannot be empty. MAC Address: This field is required and cannot be empty. Template: This field is required and cannot be empty.,,,,,,,,,
Vendor: This field is required and cannot be empty. Model: This field is required and cannot be empty. MAC Address: This field is required and cannot be empty. Template: This field is required and cannot be empty.,,,,,,,,,
